1,T00007,eco,511145,Escherichia coli K-12 MG1655,33157781,SRR29306520
2,T00068,ecj,316407,Escherichia coli K-12 W3110,33340461,SRR29492840
6,T00044,ece,155864,Escherichia coli O157:H7 EDL933 (EHEC),13480904,ERR3861816
37,T01999,eoc,1072459,Escherichia coli O7:K1 CE10,13480921,SRR1945202
49,T00697,ecl,481805,Escherichia coli ATCC 8739,12254204,SRR12922090
55,T02002,elw,566546,Escherichia coli W,7596478,SRR8847683
60,T00854,elf,591946,Escherichia coli LF82,15742837,SRR28823632
73,T00065,stm,99287,Salmonella enterica subsp. enterica serovar Typhimurium LT2,10846553,SRR11786153
74,T01714,seo,588858,Salmonella enterica subsp. enterica serovar Typhimurium 14028S,33278276,SRR29429172
76,T01724,sey,216597,Salmonella enterica subsp. enterica serovar Typhimurium SL1344,30512983,SRR26825150
136,T01231,enc,716541,Enterobacter cloacae subsp. cloacae ATCC 13047,7378620,SRR8665990
161,T01604,eas,885040,Enterobacter soli,5519254,SRR7120559
200,T01982,kpo,1049565,Klebsiella pneumoniae KCTC 2242,1276476,SRR1821722
224,T01529,eae,1028307,Klebsiella aerogenes KCTC 2190,5363958,ERR2433555
226,T05116,kqv,2026240,Klebsiella quasivariicola,27508084,SRR24304171
285,T05810,clap,158823,Cedecea lapagei,25413639,SRR22421158
287,T01342,esc,701347,Enterobacter lignolyticus SCF1,477792,SRR957772
335,T04378,pshi,703,Plesiomonas shigelloides,29138181,SRR25869675
369,T03679,ypc,633,Yersinia pseudotuberculosis 1,30832625,SRR27106033
396,T02448,smw,435998,Serratia marcescens WW4,8986810,SRR10093214
399,T02716,sry,1348660,Serratia plymuthica S13,759969,ERR493441
407,T03314,sers,488142,Serratia sp. SCBI,955353,SRR1552916
409,T04716,sfg,47917,Serratia fonticola GS2,11019594,SRR11932616
412,T05968,serq,104623,Serratia sp. ATCC 39006,10955408,SRR11873939
420,T08209,senp,42906,Serratia entomophila,28389661,SRR25209491
431,T05060,gqu,929813,Gibbsiella quercinecans,3682016,SRR5237715
437,T00186,eca,218491,Pectobacterium atrosepticum SCRI1043,30552693,SRR26861800
452,T07772,pvz,2488639,Pectobacterium versatile,10626601,SRR11581681
459,T01305,ddd,198628,Dickeya dadantii 3937,18946284,ERR5928814
464,T03347,ced,1778540,Dickeya fangzhongdai ND14b,30928069,SRR27194906
479,T03004,sod,1239307,Sodalis praecaptivus,3938592,SRR5445357
483,T01197,eam,665029,Erwinia amylovora CFBP1430,4370963,ERR1815297
495,T09410,eto,92490,Winslowiella toletana,5180554,SRR6798300
530,T04970,pstw,660596,Pantoea stewartii subsp. stewartii,3236053,SRR4319126
531,T05014,palh,1891675,Pantoea alhagi,5319363,SRR6923840
534,T06714,pdis,59814,Pantoea dispersa,30851634,SRR27127783
536,T08640,pji,2676834,Pantoea jilinensis,31609130,SRR27722630
547,T00149,plu,243265,Photorhabdus laumondii subsp. laumondii TTO1,9121727,ERR3464997
564,T01274,xne,406817,Xenorhabdus nematophila ATCC 19061,352918,SRR786947
580,T08377,pmag,2923283,Providencia manganoxydans,12829526,SRR13375991
598,T04508,eho,93378,Edwardsiella hoshinae,11962835,SRR12705310
618,T03720,hiw,727,Haemophilus influenzae 477,29525280,ERR11547222
634,T00673,hsm,228400,Histophilus somni 2336,24560525,SRR21661068
667,T00558,asu,339671,Actinobacillus succinogenes,3542842,SRR5124500
683,T03184,aah,272556,Aggregatibacter actinomycetemcomitans HK1651,23690579,DRR240749
694,T05728,apag,728,Avibacterium paragallinarum,30441160,SRR26756785
714,T00247,xcb,314565,Xanthomonas campestris pv. campestris 8004,19237241,SRR17648514
732,T00235,xoo,291331,Xanthomonas oryzae pv. oryzae KACC 10331,3410241,SRR5004509
735,T01873,xor,383407,Xanthomonas oryzae pv. oryzicola BLS256,6960838,SRR8334932
742,T04778,xpe,442694,Xanthomonas perforans,29924582,SRR26302896
750,T06553,xcz,56453,Xanthomonas cucurbitae,9103149,SRR10200225
758,T00718,sml,522373,Stenotrophomonas maltophilia K279a,22460979,SRR19762136
761,T02061,smz,1163399,Stenotrophomonas maltophilia D457,1632948,SRR2128156
766,T04963,sten,2005046,Stenotrophomonas sp. WZN-1,21947658,SRR19346743
782,T04162,lcp,435897,Lysobacter capsici,13537319,SRR13966613
784,T04371,lez,69,Lysobacter enzymogenes C3,15890568,SRR15675923
837,T02099,vcr,345073,Vibrio cholerae O1 O395,1905459,SRR2648177
842,T00108,vvu,216895,Vibrio vulnificus CMCP6,6845403,SRR8258334
844,T01415,vvm,914127,Vibrio vulnificus MO6-24/O,25431851,SRR22438536
846,T00120,vpa,223926,Vibrio parahaemolyticus RIMD 2210633,12113297,ERR4671008
851,T00589,vha,2902295,Vibrio campbellii ATCC BAA-1116,3483439,SRR5074719
860,T00812,vsp,693153,Vibrio atlanticus,7272756,SRR8573812
868,T03497,vct,190893,Vibrio coralliilyticus OCN014,2485032,SRR3466029
877,T04936,vsh,689,Vibrio mediterranei,18805044,SRR17373641
882,T06393,vcc,47951,Vibrio cyclitrophicus,18805042,SRR17373643
890,T08240,vsl,29497,Vibrio splendidus,30893020,SRR27163915
893,T08558,vpg,28169,Vibrio pelagius,22077742,SRR19443483
895,T08776,vcra,246167,Vibrio crassostreae,7259761,SRR8567599
897,T09020,vle,136468,Vibrio lentus,15876599,SRR15661540
902,T00782,vsa,316275,Aliivibrio salmonicida,3586842,ERR1731883
911,T05946,saly,2003370,Salinivibrio sp. YCSC6,12454395,SRR13084585
915,T00035,pae,208964,Pseudomonas aeruginosa PAO1,33260833,SRR29411129
918,T00401,pau,208963,Pseudomonas aeruginosa UCBPP-PA14,27907947,SRR24705904
920,T00818,pag,557722,Pseudomonas aeruginosa LESB58,9177818,SRR10258360
936,T01473,pmk,1001585,Pseudomonas mendocina NK-01,7081365,SRR8437825
948,T01975,ppb,931281,Pseudomonas putida BIRD-1,1273362,SRR1814130
950,T02181,ppx,1196325,Pseudomonas putida DOT-T1E,3747352,SRR5282167
954,T03439,ppud,303,Pseudomonas putida DLL-E4,1481458,SRR2014679
958,T03646,ppj,70775,Pseudomonas plecoglossicida,27939260,SRR24738236
964,T00246,psb,205918,Pseudomonas syringae pv. syringae B728a,11845944,SRR12630486
966,T00266,psp,264730,Pseudomonas savastanoi pv. phaseolicola 1448A,23995110,SRR21171449
979,T02671,pprc,1124983,Pseudomonas protegens CHA0,9635259,SRR10675096
981,T01734,pfe,1114970,Pseudomonas ogarae,20889648,SRR18477881
982,T03319,pfn,294,Pseudomonas fluorescens UK4,18347654,SRR17167862
990,T04842,pcg,47879,Pseudomonas corrugata,4916664,SRR6448355
991,T04853,pvr,76761,Pseudomonas veronii,2744484,SRR3742361
1002,T00362,pen,384676,Pseudomonas entomophila,24890241,SRR21966297
1012,T03768,pcz,587753,Pseudomonas chlororaphis PCL1606,12372132,SRR13016524
1016,T05473,plq,86185,Pseudomonas lundensis,14643175,SRR14667035
1020,T03520,ppv,157782,Pseudomonas parafulva,11934191,SRR12678616
1038,T06988,ppsh,122355,Pseudomonas psychrophila,18076897,SRR17023944
1099,T00511,psa,379731,Stutzerimonas stutzeri A1501,26683530,SRR23519121
1113,T00885,avn,322710,Azotobacter vinelandii DJ,28019013,SRR24825989
1136,T04052,mari,1671721,Marinobacter sp. CP1,7694194,SRR8931399
1236,T00099,son,211586,Shewanella oneidensis,818444,SRR1346224
1250,T00388,she,60480,Shewanella sp. MR-4,352927,SRR786956
1252,T00453,shw,351745,Shewanella sp. W3-18-1,352935,SRR786964
1255,T00791,swp,225849,Shewanella piezotolerans,420535,SRR891550
1259,T05063,spsw,225848,Shewanella psychrophila,29334090,SRR25951082
1280,T07895,sinv,1738770,Shewanella inventionis,18714781,SRR17318601
1281,T08228,sxm,332186,Shewanella xiamenensis,11341303,SRR12206343
1288,T09167,sdeo,256839,Shewanella decolorationis,13135991,SRR13615185
1316,T00282,pha,326442,Pseudoalteromonas translucida TAC125,24699379,SRR21786405
1318,T01374,psm,234831,Pseudoalteromonas sp. SM9913,1993680,SRR2887562
1332,T05282,ptd,43659,Pseudoalteromonas tetraodonis,4177953,SRR5690245
1337,T06578,pmaa,267375,Pseudoalteromonas marina,9236354,SRR10319544
1342,T08529,pfli,137779,Pseudoalteromonas flavipulchra,4145905,SRR5658727
1343,T08873,psho,1190813,Pseudoalteromonas shioyasakiensis,14993710,SRR14917110
1348,T02340,amaa,1004786,Alteromonas mediterranea DE1,626866,SRR1141656
1355,T02246,amac,529120,Alteromonas macleodii ATCC 27126,9470442,SRR10527334
1359,T01513,alt,715451,Alteromonas naphthalenivorans,2134442,SRR2170985
1392,T03770,mvs,80854,Moritella viscosa,30181472,SRR26519285
1402,T00952,ttu,377629,Teredinibacter turnerae,24672164,SRR21768905
1413,T04560,micc,1769779,Microbulbifer aggregans,8154663,SRR9333967
1452,T03928,lok,1268635,Legionella oakridgensis,3842557,ERR1855098
1468,T00205,mca,243233,Methylococcus capsulatus,18657353,SRR17288090
1473,T04396,mdh,1727196,Methylomonas sp. DH-1,22354964,SRR19664807
1478,T01649,mah,1091494,Methylotuvimicrobium alcaliphilum,10825668,SRR11768405
1479,T05995,mbur,95641,Methylotuvimicrobium buryatense,12499152,SRR13125780
1489,T00214,ftu,177416,Francisella tularensis subsp. tularensis SCHU S4,14565230,SRR14607894
1506,T00432,ftn,401614,Francisella tularensis subsp. novicida U112,14565224,SRR14607888
1543,T02055,mej,754476,Methylophaga nitratireducenticrescens,31799662,SRR27880442
1547,T02265,cyq,385025,Cycloclasticus sp. P1,30655937,SRR26949482
1595,T03959,tvr,106634,Thioalkalivibrio versutus,20410207,SRR18222618
1609,T06369,ghl,47960,Guyparkeria halophila,32772499,SRR28898400
1617,T00347,csa,290398,Chromohalobacter salexigens,1525719,SRR2053159
1618,T01311,hel,768066,Halomonas elongata,19814352,SRR17901485
1627,T05125,hbe,475662,Halomonas beimenensis,4067102,SRR5572264
1634,T06424,hmd,29570,Halomonas meridiana,31609359,SRR27722858
1649,T09267,halw,1930622,Halomonas alkalicola,28758297,SRR25592770
1678,T00380,abo,393595,Alcanivorax borkumensis,16364713,ERR6326078
1732,T05327,aem,2033033,Aeromonas sp. CU5,5946350,SRR7511318
1761,T03525,fpp,1267021,Frischella perrara,18121882,SRR17055704
1777,T04079,tho,1705394,Candidatus Thioglobus autotrophicus,9978460,SRR11799581
1816,T00728,ngk,521006,Neisseria gonorrhoeae NCCP11945,1793453,SRR2409401
1890,T00884,lhk,557598,Laribacter hongkongensis,8718256,SRR9856604
1892,T00071,rso,267608,Ralstonia pseudosolanacearum GMI1000,19403003,SRR17752364
1900,T06155,rsy,305,Ralstonia solanacearum UY031,33293544,SRR29444956
1904,T07219,rsg,1310168,Ralstonia syzygii subsp. celebesensis,14305113,SRR14414833
1908,T05121,cuh,106590,Cupriavidus necator NH9,13989136,SRR14170949
1911,T03642,cbw,68895,Cupriavidus basilensis,25030969,SRR22085492
1940,T02049,bpz,884204,Burkholderia pseudomallei 1026b,11165716,ERR4265260
1947,T00311,bte,271848,Burkholderia thailandensis E264,24787136,SRR21869738
1963,T00493,bvi,269482,Burkholderia vietnamiensis G4,9878053,ERR3293251
1971,T03804,bceo,1055524,Burkholderia cenocepacia H111,10351196,SRR11311774
1980,T04772,bcep,983594,Burkholderia cepacia ATCC 25416,20517337,SRR18290889
1986,T04819,blat,488446,Burkholderia latens,13854846,SRR14073844
1988,T04851,bsem,488731,Burkholderia seminalis,28613966,SRR25445389
1996,T00905,bgl,626418,Burkholderia glumae BGR1,1588569,SRR2088811
2005,T03632,bgp,41899,Burkholderia plantarii PG1,26266346,SRR23143444
2009,T07766,burk,2217913,Burkholderia sp. JP2-270,19226541,SRR17638181
2012,T00704,bph,391038,Paraburkholderia phymatum,11603002,SRR12430567
2021,T05169,parb,2026199,Paraburkholderia aromaticivorans,21446245,SRR18913580
2023,T05318,pter,311230,Paraburkholderia terrae,1361909,SRR1917435
2027,T06448,pcaf,1761016,Paraburkholderia caffeinilytica,9006112,SRR10112813
2074,T00139,bpe,257313,Bordetella pertussis Tohama I,29892642,ERR11892352
2128,T07763,aamm,2582914,Alcaligenes ammonioxydans,14543418,SRR14585500
2149,T00459,pna,365044,Polaromonas naphthalenivorans,1249868,SRR1797520
2172,T01392,vpe,595537,Variovorax paradoxus EPS,9569893,SRR10613928
2177,T01109,ctt,363952,Comamonas thiooxydans,25255395,ERR10149958
2220,T04166,rdp,76731,Roseateles depolymerans,23061319,DRR322241
2244,T04519,hsz,964,Herbaspirillum seropedicae Z67,4887254,ERR2259360
2246,T04238,hrb,1078773,Herbaspirillum rubrisubalbicans,1672857,ERR868001
2295,T04907,nlc,1288494,Nitrosospira lacus,25090354,SRR22137137
2311,T01196,slt,580332,Sideroxydans lithotrophicus,15594580,SRR15376031
2314,T06613,nim,2559597,Candidatus Nitrotoga sp. AM1P,28907154,DRR498245
2339,T00441,azo,418699,Azoarcus olearius BH72,23866010,SRR21058586
2343,T05691,azd,356837,Azoarcus sp. DN11,21654746,SRR19109097
2501,T00043,mlo,266835,Mesorhizobium japonicum MAFF 303099,3053552,DRR022396
2511,T06432,mhua,763057,Mesorhizobium huakuii,10557831,SRR11536942
2539,T02497,smel,1286640,Sinorhizobium meliloti 2011,22451404,SRR19754254
2542,T00888,rhi,394,Sinorhizobium fredii NGR234,627943,SRR1143297
2543,T01731,sfh,1117943,Sinorhizobium fredii HH103,2307418,SRR3205722
2547,T05069,sino,794846,Sinorhizobium sp. CCBAU 05631,11635266,SRR12456229
2560,T04213,ata,358,Agrobacterium tumefaciens S33,3670106,SRR5227651
2569,T08810,avf,373,Agrobacterium vitis VAR03-1,12567259,DRR168507
2581,T00402,rle,216596,Rhizobium johnstonii,19235327,SRR17646597
2586,T02432,rtr,698761,Rhizobium tropici,4832744,SRR6376374
2590,T04590,rpha,396,Rhizobium phaseoli,19140038,SRR17587016
2628,T02395,lcc,1215343,Liberibacter crescens,15682555,SRR15466544
2638,T00072,bme,224914,Brucella melitensis bv. 1 16M,23964076,SRR21146983
2642,T01849,bmg,703352,Brucella melitensis M5-90,24754875,SRR21838808
2645,T00304,bmf,359391,Brucella abortus 2308,7314675,SRR8607559
2656,T00096,bms,204722,Brucella suis 1330,11284502,SRR12149730
2672,T03270,bcar,36855,Brucella canis RM6/66,11561859,SRR12395634
2682,T06833,oin,94625,Brucella intermedia,10472083,SRR11453437
2692,T00109,bja,224911,Bradyrhizobium diazoefficiens USDA 110,12638729,SRR13238995
2695,T00516,bra,114615,Bradyrhizobium sp. ORS 278,5992642,SRR7544228
2710,T06898,barh,858423,Bradyrhizobium arachidis,20814668,SRR18458968
2711,T06968,bvz,1549949,Bradyrhizobium vignae,14367378,SRR14479861
2725,T00153,rpa,258594,Rhodopseudomonas palustris CGA009,528069,SRR1020019
2728,T00722,rpt,395960,Rhodopseudomonas palustris TIE-1,30074970,SRR26418437
2765,T06421,barn,2267275,Bartonella krasnovii OE 1-1,13964237,SRR14145868
2773,T07733,xdi,2528964,Xanthobacter dioxanivorans,11171959,SRR12066378
2774,T00609,azc,438753,Azorhizobium caulinodans,22674559,SRR19956284
2781,T00921,mea,272630,Methylorubrum extorquens AM1,29788613,SRR26182992
2782,T00947,mdi,661410,Methylorubrum extorquens DM4,22588750,ERR9717324
2783,T00640,mex,419610,Methylorubrum extorquens PA1,12171392,SRR12852275
2810,T05970,mtun,227605,Methylocella tundrae,30869559,SRR27145898
2814,T06029,bbar,2572036,Beijerinckiaceae bacterium RH AL1,12786790,ERR4508014
2820,T02943,hni,1029756,Hyphomicrobium nitrativorans,7377396,SRR8664760
2826,T03636,mcg,1384459,Methyloceanibacter caenitepidi,8869840,DRR100219
2841,T02324,msc,187303,Methylocystis sp. SC2,3665134,SRR5222000
2842,T04837,mbry,655015,Methylocystis bryophila,31370113,SRR27544955
2847,T05155,mtw,595536,Methylosinus trichosporium,3480818,SRR5071345
2848,T07462,cmet,1437009,Chenggangzhangella methanolivorans,15948630,SRR15736113
2882,T00049,ccr,190650,Caulobacter vibrioides CB15,4655201,SRR6217835
2883,T00841,ccs,565050,Caulobacter vibrioides NA1000,26660609,SRR23499846
2928,T02968,pgd,1423144,Phaeobacter gallaeciensis DSM 26640,1250811,SRR1798598
2930,T05105,ppic,1580596,Phaeobacter piscinae,22963328,SRR20219435
2938,T06085,laqu,1396826,Leisingera aquaemixtae,26842969,SRR23692285
2954,T05714,suld,1968541,Sulfitobacter sp. D7,18988453,SRR17482404
2981,T08282,lsal,195913,Loktanella salsilacus,15475609,SRR15257723
2987,T00484,rsh,349101,Cereibacter sphaeroides ATCC 17029,470243,SRR952304
2990,T01213,rcp,272942,Rhodobacter capsulatus,4531406,SRR6107305
2993,T00440,pde,318586,Paracoccus denitrificans,17593635,DRR327458
3000,T05468,pamn,34004,Paracoccus aminovorans,28486041,SRR25308490
3022,T04143,rsu,35806,Rhodovulum sulfidophilum,8156262,SRR9335490
3075,T00221,zmo,264203,Zymomonas mobilis subsp. mobilis ZM4,25893945,SRR22845381
3083,T00322,nar,279238,Novosphingobium aromaticivorans,32065207,SRR28128889
3086,T04490,nre,158500,Novosphingobium resinovorum,4381764,SRR5881098
3087,T05550,nov,1609758,Novosphingobium sp. P6W,7526721,SRR8787560
3088,T05635,not,1016987,Novosphingobium sp. THN1,7181195,SRR8502512
3106,T00538,swi,392499,Rhizorhabdus wittichii RW1,2016822,SRR2925820
3114,T04509,smy,621456,Sphingomonas melonis,26526382,SRR23347788
3145,T08717,srad,2890321,Sphingomonas radiodurans,32490405,SRR28579909
3161,T05170,sya,13690,Sphingobium yanoikuyae,32346065,SRR28435053
3201,T08274,qci,225971,Qipengyuania citrea,32533062,SRR28623008
3204,T04740,elq,39960,Erythrobacter litoralis DSM 8509,7263575,SRR8571520
3213,T05741,ntd,1219035,Caenibius tardaugens,7802542,SRR9027780
3214,T08345,caen,2872646,Caenibius sp. WL,15947528,SRR15734979
3233,T04893,keu,33995,Komagataeibacter europaeus,23754352,SRR20958310
3237,T00988,apt,634452,Acetobacter pasteurianus IFO 3283-01,9307468,DRR110584
3276,T06979,kha,436,Novacetimonas hansenii,29920208,SRR26298501
3279,T08162,rap,504468,Rhodovastum atsumiense,20777925,SRR18428477
3298,T04935,nao,1441467,Nitrospirillum amazonense,7723754,SRR8956151
3303,T00310,rru,269796,Rhodospirillum rubrum ATCC 11170,26847186,SRR23696348
3308,T05662,mgry,431944,Magnetospirillum gryphiswaldense MSR-1,20159922,SRR18087880
3310,T04817,magn,1639348,Magnetospirillum sp. ME-1,3299226,SRR4428034
3340,T01207,apb,488538,Candidatus Puniceispirillum marinum,74108,SRR210880
3347,T03561,acz,637389,Acidithiobacillus caldus ATCC 51756,6863134,ERR2935821
3356,T00008,hpy,85962,Helicobacter pylori 26695,7620817,DRR034919
3425,T02494,hcb,537971,Helicobacter cinaedi CCUG 18818 = ATCC BAA-847,3201929,ERR1597662
3437,T00298,tdn,326298,Sulfurimonas denitrificans,12569817,SRR13181874
3441,T06373,sulc,2283483,Sulfurimonas sp. CVO,12564269,SRR13178621
3450,T00026,cje,192222,Campylobacter jejuni subsp. jejuni NCTC 11168 = ATCC 700819,25501489,ERR8982119
3473,T00430,cff,360106,Campylobacter fetus subsp. fetus 82-40,901546,ERR268541
3477,T03740,cfz,688354,Campylobacter fetus subsp. venerealis 84-112,901548,ERR268543
3569,T09456,htm,223786,Hydrogenimonas thermophila,30172538,SRR26510423
3574,T07193,sinu,2779528,Sulfurovum indicum,25874965,SRR22829317
3576,T00565,nis,387092,Nitratiruptor sp. SB155-2,15342796,SRR15167644
3583,T00155,gsu,243231,Geobacter sulfurreducens PCA,24824490,SRR21904855
3584,T01940,gsk,663917,Geobacter sulfurreducens KN400,16947696,SRR16216474
3585,T00295,gme,269799,Geobacter metallireducens,33396540,SRR29552072
3587,T04399,gao,1340425,Geobacter anodireducens,14203969,SRR14332367
3598,T07937,gnt,2847991,Geomonas nitrogeniifigens,29495974,SRR26064728
3611,T05183,def,631220,Desulfovibrio sp. G11,11609514,ERR3262792
3613,T05829,dfl,241368,Desulfovibrio ferrophilus,8496832,SRR9651852
3622,T02428,dhy,1121451,Maridesulfovibrio hydrothermalis,673745,SRR1186313
3625,T02481,dpi,1322246,Pseudodesulfovibrio piezophilus,817755,SRR1344820
3642,T00963,dba,525897,Desulfomicrobium baculatum,9384245,SRR10444558
3650,T01244,dak,589865,Desulfurivibrio alkaliphilus,2571898,SRR3585068
3667,T00346,sat,56780,Syntrophus aciditrophicus,2834665,SRR3944269
3686,T00366,mxa,246197,Myxococcus xanthus,15942455,SRR15729832
3708,T05497,bsed,1548548,Bradymonas sediminis,8896938,SRR10014419
3712,T00159,bba,264462,Bdellovibrio bacteriovorus HD100,2585036,SRR3605968
3715,T03079,bbac,959,Bdellovibrio bacteriovorus 109J,25592367,SRR22575698
3729,T00010,bsu,224308,Bacillus subtilis subsp. subtilis 168,33326076,DRR394957
3741,T02937,bsp,1415167,Bacillus subtilis PY79,22463008,SRR19764185
3745,T00197,bli,279010,Bacillus licheniformis ATCC 14580,333763,SRR747881
3759,T03423,bmp,492670,Bacillus velezensis JS25R,14459010,SRR14522093
3760,T01321,bao,692420,Bacillus amyloliquefaciens DSM 7,6807091,DRR076713
3763,T01836,bxh,1034836,Bacillus amyloliquefaciens XH7,1294226,SRR1916792
3804,T01239,btb,714359,Bacillus thuringiensis BMB171,9380175,SRR10439516
3805,T02460,btt,1279365,Bacillus thuringiensis serovar kurstaki HD73,24936995,SRR22002738
3820,T03798,bmyo,1405,Bacillus mycoides ATCC 6462,25704791,SRR22681801
3833,T04776,bpus,1408,Bacillus pumilus SH-B9,28555742,SRR25382597
3835,T03209,bmet,796606,Bacillus methanolicus,13573607,ERR5296752
3837,T04537,bgy,1664069,Bacillus glycinifermentans,14683845,SRR14699513
3838,T04822,bwh,1547283,Bacillus weihaiensis,2608358,SRR3635298
3860,T08283,baca,486398,Bacillus sp. S3,11332840,SRR12199378
3870,T06357,bcir,1397,Niallia circulans,28832208,SRR25668354
3873,T01219,bmd,592022,Priestia megaterium DSM 319,3972816,SRR5468450
3878,T07135,parh,412384,Priestia aryabhattai,15941508,SRR15728898
3901,T00217,gka,235909,Geobacillus kaustophilus,30876889,SRR27153851
3919,T04476,ptl,1426,Parageobacillus thermoglucosidasius DSM 2542,27120466,SRR23974596
3928,T06397,and,1636720,Anoxybacillus sp. PDR2,9789969,SRR10820147
3933,T03062,lgy,1145276,Lysinibacillus varians,13034429,SRR13575746
3935,T05299,lys,2072025,Lysinibacillus sp. YS11,6611883,SRR8083459
3936,T05347,lyb,2081964,Lysinibacillus sp. B2A1,6482293,SRR7963334
3971,T04993,apak,33936,Aeribacillus pallidus,24571375,SRR21673263
3975,T06699,pbut,421767,Peribacillus butanolivorans,5968171,SRR7523921
4007,T07410,rmf,189381,Rossellomorea marisflavi,13946213,SRR14133450
4008,T01527,bck,941639,Heyndrickxia coagulans 2-6,986755,SRR1574898
4010,T03712,bcoa,1121088,Heyndrickxia coagulans DSM 1 = ATCC 7050,31469515,SRR27603658
4017,T08082,gaj,371036,Gottfriedia acidiceleris,23777387,SRR20980275
4039,T00183,sas,282459,Staphylococcus aureus subsp. aureus MSSA476 (MSSA),11089073,SRR11998286
4045,T00557,sae,426430,Staphylococcus aureus subsp. aureus Newman,21639280,SRR19091759
4077,T00303,sab,273036,Staphylococcus aureus RF122,8086257,SRR9273169
4085,T04800,sams,1280,Staphylococcus aureus MS4,6745117,SRR8182588
4110,T04160,seqo,246432,Staphylococcus equorum,32639882,SRR28760435
4126,T06955,ssim,308354,Staphylococcus simiae,9866738,SRR10883624
4130,T07353,ssac,33028,Staphylococcus saccharolyticus,24809100,SRR21890613
4169,T00174,lmf,265669,Listeria monocytogenes F2365 (serotype 4b),32902475,SRR29059444
4202,T05637,lwi,1006155,Listeria weihenstephanensis,3649109,SRR5207561
4208,T00897,eat,360911,Exiguobacterium sp. AT1b,3771711,SRR5307610
4214,T08404,eaur,33987,Exiguobacterium aurantiacum,18727547,SRR17327360
4216,T08917,epf,307643,Exiguobacterium profundum,16848657,SRR16146143
4225,T05855,bagr,51101,Brevibacillus agri,33219332,SRR29370261
4232,T09438,bbor,45462,Brevibacillus borstelensis,389948,SRR848044
4233,T00977,pjd,324057,Paenibacillus sp. JDR-2,1254426,SRR1801352
4236,T01335,ppm,886882,Paenibacillus polymyxa SC2,25213249,SRR22253445
4242,T01757,pmq,1116391,Paenibacillus mucilaginosus 3016,3745164,SRR5279913
4261,T03849,pri,1073571,Paenibacillus riograndensis,4029527,SRR5525328
4273,T05249,pkb,172713,Paenibacillus kribbensis,8535466,SRR9679858
4292,T08812,pthi,49283,Paenibacillus thiaminolyticus,19312791,SRR17695990
4313,T08106,aaco,1450,Alicyclobacillus acidoterrestris,14029351,SRR14203696
4319,T05215,kyr,2055160,Kyrpidia spormannii,6060607,SRR7609878
4327,T04200,pku,1374,Planococcus kocurii,10860555,SRR11797942
4332,T04473,phc,1215089,Planococcus halocryophilus,4040138,SRR5535052
4340,T03570,jeo,1508404,Jeotgalibacillus malaysiensis,2222735,SRR3160095
4343,T04327,spsy,1476,Sporosarcina psychrophila,9195759,SRR10279822
4348,T06007,spae,1474,Sporosarcina pasteurii,11917072,SRR12666021
4373,T02131,lln,746361,Lactococcus lactis subsp. cremoris NZ9000,4553194,SRR6125831
4392,T00089,spg,198466,Streptococcus pyogenes MGAS315 (serotype M3),358879,SRR799471
4443,T03434,sagt,342616,Streptococcus agalactiae COH1,8714323,SRR9851977
4446,T03518,sagn,1427374,Streptococcus agalactiae CNCTC 10/84,26801128,SRR23632779
4447,T08770,sagj,342617,Streptococcus agalactiae CJB111,28445946,SRR25265525
4457,T02026,stu,1051074,Streptococcus thermophilus JIM 8232,16168892,SRR15959186
4459,T03360,sthe,1408178,Streptococcus thermophilus ASCC 1275,11862340,SRR12643183
4461,T00473,ssa,388919,Streptococcus sanguinis,23380892,SRR20627698
4480,T00594,sgo,467705,Streptococcus gordonii,31188449,DRR506117
4483,T02355,sezo,1051072,Streptococcus equi subsp. zooepidemicus ATCC 35246,9044852,SRR10147719
4492,T01171,sga,637909,Streptococcus gallolyticus UCN34,10533293,SRR11519316
4505,T04634,ssah,1304,Streptococcus salivarius HSISS4,11962814,SRR12705299
4530,T05567,ssob,1310,Streptococcus sobrinus,24755137,SRR21839084
4532,T06203,seqi,1335,Streptococcus equinus,19512297,SRR17814981
4542,T07143,scai,1329,Streptococcus canis,27985314,DRR481393
4564,T00364,ldb,390333,Lactobacillus delbrueckii subsp. bulgaricus ATCC 11842,5133300,SRR6748832
4568,T00410,lga,324831,Lactobacillus gasseri ATCC 33323,5133293,SRR6748839
4572,T02744,lhv,326425,Lactobacillus helveticus CNRZ32,5133290,SRR6748842
4574,T03777,lhd,1587,Lactobacillus helveticus KLDS1.8701,21523070,SRR18969925
4583,T04677,lje,109790,Lactobacillus jensenii,33372011,SRR29524607
4584,T05057,lamy,83683,Lactobacillus amylolyticus,11336654,SRR12202063
4595,T00407,lca,321967,Lacticaseibacillus paracasei ATCC 334,4449989,SRR5997383
4596,T01280,lcz,1597,Lacticaseibacillus paracasei Zhang,14663714,SRR14684812
4606,T00987,lrh,568703,Lacticaseibacillus rhamnosus GG,25518556,SRR22515467
4621,T04156,lpx,60520,Lactiplantibacillus paraplantarum,25410228,SRR22418064
4622,T05251,lpg,1589,Lactiplantibacillus pentosus,22201483,ERR8711106
4652,T02244,lbn,1071400,Lentilactobacillus buchneri subsp. silagei CD034,1440330,SRR1970662
4655,T06710,lkf,33962,Lentilactobacillus kefiri,27321533,SRR24146376
4658,T00406,lbr,387344,Levilactobacillus brevis ATCC 367,13613031,ERR5360803
4663,T06588,lji,1720083,Acetilactobacillus jinshanensis,24713759,SRR21800179
4668,T05198,lagl,1601,Ligilactobacillus agilis,12232818,SRR12903320
4673,T08999,lfd,762833,Ligilactobacillus faecis,17219233,SRR16471134
4677,T06755,lol,1423778,Paucilactobacillus oligofermentans,2891549,ERR1191539
4686,T01713,pce,701521,Pediococcus claussenii,297707,SRR647808
4700,T00299,lsa,314315,Latilactobacillus sakei subsp. sakei,4378174,SRR5928151
4712,T00411,lme,203120,Leuconostoc mesenteroides subsp. mesenteroides ATCC 8293,9104300,SRR10201380
4742,T00123,efa,226185,Enterococcus faecalis V583,5621805,SRR7229492
4744,T01882,efi,474186,Enterococcus faecalis OG1RF,32255112,SRR28343256
4748,T03320,efq,1201292,Enterococcus faecalis ATCC 29212,28476956,SRR25298765
4750,T01772,efc,1155766,Enterococcus faecium Aus0004,3706545,SRR5259277
4773,T06306,tey,51669,Tetragenococcus halophilus,29781698,SRR26176074
4806,T05644,cdj,2748,Carnobacterium divergens,11816315,SRR12610595
4808,T08019,cvd,174587,Carnobacterium viridans,11816825,SRR12611071
4820,T00056,cac,272562,Clostridium acetobutylicum ATCC 824,4545851,ERR2112090
4845,T00564,ckl,431943,Clostridium kluyveri DSM 555,10465184,DRR127469
4848,T01294,ccb,573061,Clostridium cellulovorans,1439956,SRR1974210
4853,T03753,cpat,1262449,Clostridium pasteurianum DSM 525 = ATCC 6013,13399768,SRR13892472
4861,T03971,cace,84022,Clostridium aceticum,9994667,ERR3804292
4862,T03979,cck,536227,Clostridium carboxidivorans,5401895,SRR7006276
4864,T04331,ctyk,1519,Clostridium tyrobutyricum,31837633,SRR27909419
4870,T05484,cdrk,332101,Clostridium drakei,6159148,SRR7691806
4877,T07742,clos,2212991,Clostridium sp. AWRP,22496013,SRR19793333
4901,T08453,hhj,154046,Hungatella hathewayi,23816092,SRR21012352
4907,T00474,cth,203119,Acetivibrio thermocellus ATCC 27405,526924,SRR1017581
4908,T01933,ctx,637887,Acetivibrio thermocellus DSM 1313,2259504,SRR3186014
4912,T04880,rbp,1572656,Ruminococcaceae bacterium CPB6,8981514,SRR10087797
4916,T02440,css,1121335,Thermoclostridium stercorarium subsp. stercorarium DSM 8532,671665,SRR1184099
4923,T01384,eha,663278,Ethanoligenens harbinense,12698818,SRR13280008
4929,T08490,rgv,438033,Ruminococcus gauvreauii,9459087,SRR10517971
4933,T08154,fdu,411483,Faecalibacterium duncaniae,13373243,SRR13865120
4938,T07898,clf,2666138,Caproicibacterium lactatifermentans,21959544,SRR19348814
4945,T08454,svj,214851,Subdoligranulum variabile,28423531,SRR25243400
4953,T01292,bpb,515622,Butyrivibrio proteoclasticus,6426480,SRR7906960
4955,T04542,bhu,185008,Butyrivibrio hungatei,6426479,SRR7906959
4962,T02584,cct,717962,Coprococcus catus,14135318,ERR5351287
4978,T09318,chyl,89153,Clostridium hylemonae,20846827,SRR18465512
4979,T01288,csh,610130,Clostridium saccharolyticum WM1,22440127,SRR19744344
4997,T05466,cbol,208479,Enterocloster bolteae,25381807,SRR22397269
4998,T08571,casp,518636,Clostridium asparagiforme,11629720,SRR12452149
5018,T00487,cdf,272563,Clostridioides difficile 630,25345561,SRR22361199
5020,T00997,cdc,645462,Clostridioides difficile CD196,13033898,SRR13575215
5021,T00998,cdl,645463,Clostridioides difficile R20291,24476521,SRR21590442
5025,T01663,faa,546269,Filifactor alocis,28921619,SRR25757302
5028,T06633,phx,89152,Peptacetobacter hiranonis,20846841,SRR18465498
5064,T07960,aacx,1561005,Acididesulfobacillus acetoxydans,30576647,ERR11769254
5071,T06653,elim,1736,Eubacterium limosum,20118703,SRR18076194
5073,T01732,awo,931626,Acetobacterium woodii,14811267,SRR14793549
5088,T01576,say,1051632,Sulfobacillus acidophilus TPY,1285948,SRR1823057
5091,T08923,hfv,2707344,Candidatus Hydrogenisulfobacillus filiaventi,10466024,SRR11451469
5107,T00081,tte,273068,Caldanaerobacter subterraneus subsp. tengcongensis,32448669,SRR28537840
5108,T00648,tex,399726,Thermoanaerobacter sp. X514,197986,SRR516960
5114,T03397,tki,2325,Thermoanaerobacter kivui,26388661,SRR23242781
5122,T02137,tsh,1094508,Thermoanaerobacterium saccharolyticum,7593774,SRR8845283
5126,T00857,ate,521460,Caldicellulosiruptor bescii,12689615,SRR13271990
5138,T06429,mthz,1525,Moorella thermoacetica DSM 2955,11616287,SRR12440691
5151,T05768,aft,1323375,Anoxybacter fermentans,9737006,SRR10771202
5174,T05848,vdn,39778,Veillonella dispar,28991844,SRR25785884
5230,T01478,mml,862259,Mycoplasma mycoides subsp. capri LC 95010,6809767,ERR2193932
5231,T00309,mcp,340047,Mycoplasma capricolum subsp. capricolum ATCC 27343,6809760,ERR2193925
5238,T07962,mfer,1179777,Mycoplasma feriruminatoris,30112927,SRR26455296
5281,T08823,poe,203274,Candidatus Phytoplasma oryzae,26171600,SRR23060398
5306,T02741,sdi,1276221,Spiroplasma diminutum,2485454,SRR3466528
5307,T02742,stai,1276220,Spiroplasma taiwanense,2485456,SRR3466530
5340,T01925,mhn,907287,Mesomycoplasma hyopneumoniae 168,6809765,ERR2193930
5370,T01366,mbv,289397,Mycoplasmopsis bovis PG45,20484955,SRR18260239
5411,T00002,mge,243273,Mycoplasmoides genitalium G37,6809761,ERR2193926
5416,T00006,mpn,272634,Mycoplasmoides pneumoniae M129,29532906,ERR9928770
5421,T01923,mgh,710128,Mycoplasmoides gallisepticum R(high),6809763,ERR2193928
5467,T00053,mtc,83331,Mycobacterium tuberculosis CDC1551,18502071,SRR17227584
5468,T00540,mra,419947,Mycobacterium tuberculosis H37Ra,8903810,SRR10022311
5479,T02142,mtd,1097669,Mycobacterium tuberculosis UT205,7413282,SRR8695352
5480,T02526,mtn,652616,Mycobacterium tuberculosis Erdman = ATCC 35801,26840474,SRR23689521
5491,T00463,mbb,410289,Mycobacterium tuberculosis variant bovis BCG Pasteur 1173P2,1357523,SRR1915478
5492,T00864,mbt,561275,Mycobacterium tuberculosis variant bovis BCG Tokyo 172,30814288,DRR515042
5506,T00156,mpa,262316,Mycobacterium avium subsp. paratuberculosis K-10,20904832,SRR18492199
5522,T00694,mmi,216594,Mycobacterium marinum M,6993807,SRR8368685
5523,T04774,mmae,1131442,Mycobacterium marinum E11,6993800,SRR8368678
5530,T03960,mye,1545728,Mycobacterium sp. EPa45,7557166,DRR119993
5532,T05102,mdx,482462,Mycobacterium dioxanotrophicus,4416184,SRR5964414
5543,T06847,mpag,1389713,Mycobacterium paragordonae,9543732,SRR10589371
5546,T07035,mcoo,1775,Mycobacterium cookii,11099198,ERR3336947
5554,T07571,mmam,1780,Mycobacterium malmoense,11099203,ERR3336952
5562,T00434,msm,246196,Mycolicibacterium smegmatis MC2 155,30978883,SRR27237059
5572,T04105,mft,1766,Mycolicibacterium fortuitum,27375616,SRR24187261
5604,T07767,mflv,1776,Mycolicibacterium flavescens,11099199,ERR3336948
5634,T00244,cgb,196627,Corynebacterium glutamicum ATCC 13032 (Bielefeld),256393,SRR585826
5643,T00103,cef,196164,Corynebacterium efficiens,12567260,DRR168508
5644,T00151,cdi,257309,Corynebacterium diphtheriae NCTC 13129,3984286,SRR5481222
5817,T05315,rqi,334542,Rhodococcus qingshengii,26759661,SRR23595434
5819,T03071,roa,543736,Rhodococcus opacus PD630,5052822,SRR6675922
5827,T05142,rrz,1830,Rhodococcus ruber,4811187,SRR6356299
5829,T05434,rhq,935199,Rhodococcus sp. p52,33051537,SRR29212665
5831,T05521,rrt,1829,Rhodococcus rhodochrous,5268347,SRR6877534
5836,T08279,roz,1990687,Rhodococcus oxybenzonivorans,12558239,SRR13175574
5873,T08346,dkn,322509,Dietzia kunjamensis,32199619,SRR28285572
5876,T00085,sco,100226,Streptomyces coelicolor,11015969,SRR11928958
5880,T04209,sgb,1172567,Streptomyces globisporus,22616826,SRR19905467
5890,T05189,smal,92644,Streptomyces malaysiensis,9799351,SRR10829614
5894,T02518,sdv,1214101,Streptomyces davaonensis,9996181,ERR3804780
5900,T03586,svt,362257,Streptomyces vietnamensis,25504546,DRR158964
5905,T03904,sxi,408015,Streptomyces xiamenensis,8961851,SRR10070166
5912,T04246,srw,1926,Streptomyces reticuli,12354687,DRR158967
5915,T04616,srn,285473,Streptomyces rubrolavendulae,12354685,DRR158965
5918,T04717,sclf,1901,Streptomyces clavuligerus,28731967,SRR25566240
5919,T04729,sgs,68214,Streptomyces griseochromogenes,12354682,DRR158962
5926,T04801,sls,1915,Streptomyces lincolnensis,31921432,SRR27988890
5928,T03082,salu,1971,Streptomyces noursei NK660,18762721,SRR17338184
5934,T05110,ssia,1642299,Streptomyces alfalfae,17198464,SRR16376483
5937,T05165,sgv,553510,Streptomyces gilvosporeus,27150662,SRR24000848
5953,T06839,snq,40318,Streptomyces nodosus,12520907,SRR13149209
5955,T06849,ska,1967,Streptomyces kanamyceticus,10603838,ERR3316582
5966,T06986,sfy,2662397,Streptomyces fagopyri,11637434,SRR12458367
5972,T07052,srim,1927,Streptomyces rimosus,30172593,SRR26510472
5973,T07087,ssub,36818,Streptomyces subrutilus,10603832,ERR3316576
5975,T07115,scin,67260,Streptomyces cinereoruber,10603850,ERR3316594
5981,T07302,scoe,116188,Streptomyces coeruleorubidus,20652460,SRR18334993
5988,T07374,sata,1893,Streptomyces atratus,24488393,SRR21601294
5994,T07519,slia,2717324,Streptomyces liangshanensis,11637455,SRR12458388
6024,T08931,scae,2746961,Streptomyces caniscabiei,29753189,SRR26158258
6032,T09112,stee,1932,Streptomyces tendae,28994332,SRR25788356
6084,T06576,msed,904291,Microbacterium sediminis,8919343,SRR10034701
6090,T07900,mrn,156977,Microbacterium resistens,23985785,SRR21166175
6101,T03203,rla,529884,Rhodoluna lacicola,5902890,SRR7477659
6133,T05480,aum,1987356,Aurantimicrobium photophilum,5902652,SRR7477421
6173,T08641,gmn,256821,Gulosibacter molinativorax,6052539,SRR7601662
6224,T09135,gnc,37929,Glutamicibacter nicotianae,13136564,SRR13615890
6272,T06197,day,322596,Dermacoccus abyssi,9821829,SRR10854988
6284,T04858,cceu,1710,Cellulosimicrobium cellulans,8770835,SRR9897686
6290,T01537,cga,593907,Cellulomonas gilvus,2686800,SRR3722329
6323,T04319,bly,1703,Brevibacterium linens BS258,3618169,SRR5179252
6355,T03860,pfre,66712,Propionibacterium freudenreichii subsp. freudenreichii DSM 20271,24061320,SRR21231560
6361,T04523,aaci,1748,Acidipropionibacterium acidipropionici CGMCC 1.2230,4387987,SRR5938268
6399,T03528,psim,2045,Pimelobacter simplex,11172291,SRR12066697
6435,T00320,fra,106370,Frankia casuarinae,93937,SRR308710
6453,T01269,amd,749927,Amycolatopsis mediterranei U32,32343825,SRR28432812
6458,T03225,aja,208439,Amycolatopsis japonica,20206505,SRR18109108
6464,T06703,aori,31958,Amycolatopsis orientalis,10549857,SRR11529348
6479,T05092,apre,42197,Actinosynnema pretiosum,10895418,SRR11827267
6480,T00957,ami,446462,Actinosynnema mirum,13573595,ERR5296639
6515,T02044,ase,134676,Actinoplanes sp. SE50/110,12145127,ERR3596317
6516,T01795,ams,512565,Actinoplanes missouriensis,10803581,DRR209126
6533,T07478,dvc,53362,Dactylosporangium vinaceum,14190660,SRR14319578
6561,T05977,soo,1660,Schaalia odontolytica,30432491,SRR26748260
6591,T00094,blo,206672,Bifidobacterium longum NCC2705,9848926,SRR10867685
6597,T01345,blb,890402,Bifidobacterium longum subsp. longum BBMN68,5503364,SRR7101172
6608,T00924,blt,555970,Bifidobacterium animalis subsp. lactis DSM 10140,20320763,SRR18183436
6611,T01842,bnm,1042403,Bifidobacterium animalis subsp. lactis CNCM I-2494,106704,SRR333527
6632,T04525,bbrd,518634,Bifidobacterium breve DSM 20213 = JCM 1192,9567846,SRR10611762
6634,T02505,btp,1254439,Bifidobacterium thermophilum,1242601,SRR1792905
6687,T00004,syn,1148,Synechocystis sp. PCC 6803,12947989,SRR13482451
6693,T03386,syj,1147,Synechocystis sp. PCC 6714,527418,SRR1019240
6696,T03581,syu,1350461,Synechococcus elongatus UTEX 2973,4785479,SRR6334750
6697,T00300,syf,1140,Synechococcus elongatus PCC7942,29983460,SRR26346326
6702,T00524,syx,32051,Synechococcus sp. WH 7803,21409503,SRR18858132
6715,T00144,syw,84588,Parasynechococcus marenigrum,22124681,ERR5431273
6719,T00142,pmm,59919,Prochlorococcus marinus subsp. pastoris CCMP1986,19710996,SRR17853468
6720,T00143,pmt,74547,Prochlorococcus marinus MIT 9313,24691029,ERR9952825
6722,T00297,pmi,74546,Prochlorococcus marinus MIT 9312,6108098,SRR7647493
6725,T00466,pmf,59922,Prochlorococcus marinus MIT 9303,24691016,ERR9952812
6726,T00488,pmg,167546,Prochlorococcus marinus MIT 9301,27234966,ERR9959975
6729,T00467,pme,167555,Prochlorococcus marinus NATL1A,19711002,SRR17853462
6762,T00664,syp,32049,Picosynechococcus sp. PCC 7002,32552533,SRR28671614
6770,T02379,hao,65093,Halothece sp. PCC 7418,22374644,SRR19682533
6793,T00069,ana,103690,Nostoc sp. PCC 7120,25421428,SRR22428079
6794,T00713,npu,63737,Nostoc punctiforme,9426972,SRR10488337
6798,T05266,nfl,2038116,Nostoc flagelliforme,32547564,SRR28642415
6800,T06325,nsh,2653204,Nostoc sphaeroides,9258257,SRR10331058
6804,T02341,anb,46234,Anabaena sp. 90,6833763,SRR8246059
6819,T06185,dou,1914871,Dolichospermum sp. UHCC 0315A,3458565,SRR5053814
6871,T00353,dge,319795,Deinococcus geothermalis,11022382,SRR11935554
6877,T03508,dsw,57497,Deinococcus radiopugnans,9249991,ERR3597222
6894,T00220,ttj,300852,Thermus thermophilus HB8,32153547,SRR28238428
6897,T01414,tsc,743525,Thermus scotoductus,2334587,SRR3224873
7037,T01552,puv,765952,Parachlamydia acanthamoebae,9098068,SRR10195126
7042,T07448,rpor,225148,Candidatus Rhabdochlamydia porcellionis,24035205,SRR26268850
7054,T08790,abiw,2946555,Akkermansia biwaensis,29885994,SRR26268847
7065,T09436,mcao,2795386,Methylacidiphilum caldifontis,12644760,SRR13241169
7129,T00012,bbu,224326,Borreliella burgdorferi B31,22596698,SRR19886915
7231,T03999,lst,758847,Leptospira santarosai,28596439,SRR25426529
7232,T04558,laj,2564040,Leptospira tipperaryensis,28596446,SRR25426522
7235,T06081,lwl,28184,Leptospira weilii,28596444,SRR25426524
7237,T08353,lno,28182,Leptospira noguchii,28596442,SRR25426526
7254,T06415,grw,2602070,Granulicella sp. WH15,8803216,SRR9925603
7278,T00077,fnu,190304,Fusobacterium nucleatum subsp. nucleatum ATCC 25586,13971072,SRR14152305
7279,T02822,fnc,469604,Fusobacterium vincentii 3_1_36A2,13881940,SRR14094502
7282,T03612,fne,457405,Fusobacterium animalis 7_1,13881922,SRR14094484
7293,T08899,fpol,76857,Fusobacterium polymorphum,12792765,SRR13360949
7321,T04580,gph,1379270,Gemmatimonas phototrophica,31396597,SRR27563034
7328,T01691,bfg,862962,Bacteroides fragilis 638R,10735648,SRR11674792
7329,T03897,bfb,817,Bacteroides fragilis BOB25,10481800,SRR11462776
7352,T00145,pgi,242619,Porphyromonas gingivalis W83,23700161,SRR20911986
7353,T00714,pgn,431947,Porphyromonas gingivalis ATCC 33277,6727160,SRR8172853
7359,T08199,psoe,322095,Porphyromonas somerae,6773492,SRR8200640
7406,T08221,pby,77095,Segatella bryantii,32403797,SRR28493307
7427,T07297,mcos,2681766,Maribellus comscasis,11942816,SRR12687341
7432,T00959,cpi,485918,Chitinophaga pinensis,32974033,SRR29131526
7437,T08225,cfil,104663,Chitinophaga filiformis,25692049,SRR22671450
7483,T06466,spdr,2713573,Sphingobacterium sp. DR205,25050523,SRR22103909
7516,T00385,chu,269798,Cytophaga hutchinsonii,5222924,SRR6832316
7519,T04702,smon,1178516,Spirosoma montaniterrae,26344684,SRR23199920
7572,T03841,pko,400092,Pontibacter korlensis,1100218,SRR1654813
7616,T00508,fjo,376686,Flavobacterium johnsoniae UW101,10927363,SRR11851578
7671,T01216,zpr,655815,Zunongwangia profunda,472865,SRR953511
7688,T05432,dod,2173169,Dokdonia sp. Dokd-P16,13204474,SRR13687564
7693,T01586,zga,63186,Zobellia galactanivorans,18051096,SRR17001176
7723,T03631,mpw,480520,Myroides profundi,7790817,SRR9016654
7724,T04190,mod,76832,Myroides odoratimimus,2007240,SRR2901088
7833,T07042,cgle,250,Chryseobacterium gleum,28733432,SRR25567729
7916,T04780,rbar,1779382,Rhodothermaceae bacterium RA,8955366,SRR10064773
7917,T00312,sru,309807,Salinibacter ruber DSM 13855,1998382,ERR1074705
7918,T01209,srm,761659,Salinibacter ruber M8,1998383,ERR1074706
7935,T01391,tam,648996,Thermovibrio ammonificans,4997687,SRR6515928
7937,T00022,tma,243274,Thermotoga maritima MSB8,23934541,SRR21120528
7950,T00618,tle,416591,Pseudothermotoga lettingae,26782507,SRR23616950
7990,T05001,nja,1325564,Nitrospira japonica,8749675,DRR099574
8031,T09227,fsh,1448929,Candidatus Fervidibacter sacchari,30908925,SRR27179041
8042,T00164,mmp,267377,Methanococcus maripaludis S2,9541349,SRR10586504
8086,T00011,afu,224325,Archaeoglobus fulgidus DSM 4304,13029227,SRR13570410
8094,T00075,pfu,186497,Pyrococcus furiosus DSM 3638,27338314,ERR11200499
8103,T00789,ton,523850,Thermococcus onnurineus,5548604,SRR7142299
8108,T01638,tha,246969,Thermococcus sp. AM4,8846205,SRR9966740
8110,T02800,tlt,523849,Thermococcus litoralis,11672599,SRR12486532
8111,T03005,ths,582419,Thermococcus paralvinellae,4264505,SRR5815167
8118,T04941,tpie,1712654,Thermococcus piezophilus,14921193,SRR14873718
8133,T03210,ppac,1343739,Palaeococcus pacificus,9715754,SRR10749089
8139,T00082,mma,192952,Methanosarcina mazei Go1,10948919,SRR11866789
8185,T00578,mbn,456442,Methanoregula boonei,4314301,SRR5868102
8191,T00038,hal,64091,Halobacterium salinarum NRC-1,5350790,SRR6953867
8217,T01597,hhi,634497,Haloarcula hispanica ATCC 33960,26922102,SRR23782251
8236,T04693,hali,1932360,Halorientalis sp. IM1011,8409286,SRR9587834
8248,T02129,hme,523841,Haloferax mediterranei,28233270,SRR25047572
8260,T00856,hla,416348,Halorubrum lacusprofundi,27198871,ERR10286465
8267,T08040,hazz,2836432,Halorubrum sp. 2020YC2,22809302,SRR20083124
8285,T02184,nat,406552,Natrinema sp. J7-2,3425486,SRR5022420
8329,T00587,iho,453591,Ignicoccus hospitalis,3113621,SRR4136252
8344,T00054,sso,273057,Saccharolobus solfataricus P2,11634213,SRR12455259
8345,T03910,ssoa,2287,Saccharolobus solfataricus SULA,2133129,SRR3066476
8350,T00251,sai,330779,Sulfolobus acidocaldarius DSM 639,27230396,ERR11012146
8357,T00906,sid,426118,Sulfolobus islandicus M.16.4,15518802,SRR15299593
8362,T01953,sir,930945,Sulfolobus islandicus REY15A,30714628,SRR26999894
8368,T00509,mse,399549,Metallosphaera sedula DSM 5348,7417443,SRR8698930
8369,T08286,memj,43687,Metallosphaera sedula MJ1HA,31266299,DRR261009
8387,T00073,pai,178306,Pyrobaculum aerophilum,3113640,SRR4136271
8388,T00444,pis,384616,Pyrobaculum islandicum,3113648,SRR4136279
8389,T00483,pcl,410359,Pyrobaculum calidifontis,3113637,SRR4136268
8413,T03656,nid,1582439,Nitrosopumilus piranensis,25090334,SRR22137154
8431,T03537,nbv,1410606,Candidatus Nitrosopelagicus brevis,3666792,SRR5224229
8440,T08382,naer,2586965,Nanobdella aerobiophila,31266298,DRR261008
8445,T06555,psyt,2594042,Candidatus Prometheoarchaeum syntrophicum,9938565,DRR199588
